normalized_TokenSemantics,normalized_DependencyParse,normalized_ConstituencyParse,normalized_PartOfSpeechSequence,normalized_unique_unigrams,normalized_unique_bigrams,normalized_unique_trigrams
0.2764474252102009,0.6670513236994882,0.5401973959633671,0.20376052222633145,0.5365853658536586,0.9300699300699301,0.9859649122807017
0.278311847142125,0.6184943745177537,0.5142840399505022,0.2055397891881739,0.5724381625441696,0.9468085106382979,0.99644128113879
