temperature,diversity_penalty,mean_previous_false_count,max_previous_false_count
100,0,15.9,100
100,0,20.5,61
100,0,45.2,57
100,0,9.0,45
100,0,41.714285714285715,100
100,0,78.0,296
100,0,37.0,63
100,0,75.0,150
100,0,20.25,110
100,0,7.181818181818182,50
100,0,31.166666666666668,73
100,0,42.5,248
100,0,53.333333333333336,101
100,0,44.142857142857146,100
100,0,19.3,79
100,0,28.2,69
