TokenSemantics,DependencyParse,ConstituencyParse,PartOfSpeechSequence,ttr,log_ttr,root_ttr,maas_ttr,mattr,msttr,hdd,mtld,mtld_ma_bid,mtld_ma_wrap,unique_unigrams,unique_bigrams,unique_trigrams
80.44620073616845,6.670513236994881,5.401973959633671,2.0376052222633145,0.5607843137254902,0.895616061177256,8.955007362517637,0.043375107414130566,0.7917475728155335,0.796,0.8123209077219143,87.61065943992773,77.6046535052377,85.56078431372549,154,266,281
91.60218151783874,6.916404083886416,5.925555027169037,2.1123380550589204,0.3814229249011858,0.8452034362638905,8.57989653235567,0.05724406343956483,0.8044201312910277,0.8100000000000002,0.802658656588098,97.1182856073367,89.5906705110665,97.47233201581028,212,386,436
