TokenSemantics,DependencyParse,ConstituencyParse,PartOfSpeechSequence,ttr,log_ttr,root_ttr,maas_ttr,mattr,msttr,hdd,mtld,mtld_ma_bid,mtld_ma_wrap,unique_unigrams,unique_bigrams,unique_trigrams
80.44620073616845,6.670513236994881,5.401973959633671,2.0376052222633145,0.5607843137254902,0.895616061177256,8.955007362517637,0.043375107414130566,0.7917475728155335,0.796,0.8123209077219141,87.61065943992773,77.6046535052377,85.56078431372549,154,266,281
85.76476718539924,6.670479076838912,5.401947961653778,2.079252841923252,0.2803921568627451,0.7960406923122721,6.332146431611681,0.07532927843874668,0.7961388286334053,0.8,0.7841931922621729,91.25314852599732,81.91391075687687,85.56078431372549,154,267,283
