normalized_TokenSemantics,normalized_DependencyParse,normalized_ConstituencyParse,normalized_PartOfSpeechSequence,normalized_unique_unigrams,normalized_unique_bigrams,normalized_unique_trigrams
0.2764474252102009,0.6670513236994882,0.5401973959633671,0.20376052222633145,0.5365853658536586,0.9300699300699301,0.9859649122807017
0.2764474252102009,0.6670513236994882,0.5401973959633671,0.20376052222633145,0.5365853658536586,0.9300699300699301,0.9859649122807017
