normalized_TokenSemantics,normalized_DependencyParse,normalized_ConstituencyParse,normalized_PartOfSpeechSequence,normalized_unique_unigrams,normalized_unique_bigrams,normalized_unique_trigrams
0.2721009407678098,0.7676261557882857,0.3791015783365108,0.19776977668987383,0.5247524752475248,0.9238410596026491,0.9966777408637874
0.2561177679166046,0.6505691479786726,0.3644732337518018,0.17943965525833844,0.5674846625766872,0.9323076923076923,0.9969135802469136
0.2536531590663355,0.7012666558580866,0.4228875679590209,0.20200950957504865,0.5817610062893082,0.943217665615142,0.9968354430379747
0.2533070325548695,0.7055692862050449,0.41827937264056286,0.20182834690399526,0.5862068965517241,0.9433962264150944,0.9968454258675079
0.2520853442948413,0.7028123079854296,0.4038316292815558,0.21650022858366086,0.577639751552795,0.9376947040498442,0.996875
0.25275659285638724,0.6923286113009912,0.4081302116279203,0.2166903886355203,0.5763239875389408,0.9375,0.9968652037617555
0.2546532047866127,0.7063204776171655,0.4291954874037303,0.21965235730606217,0.5786163522012578,0.9400630914826499,1.0
0.2591458680044937,0.7070755755964236,0.3829437657272662,0.20563079890740704,0.5769230769230769,0.9517684887459807,1.0
